,12-15 to 01-21,12-15 to 01-21,12-15 to 01-21,12-15 to 01-21,12-15 to 01-21,12-15 to 01-21,12-15 to 01-21,12-15 to 01-21,12-15 to 01-21,12-15 to 01-21,12-15 to 01-21,12-15 to 01-21,12-15 to 01-21,12-15 to 01-21
2012-2013,,,,,,,,,,,,,,
2019-2020,,,,,,,,,,,,,,
2017-2018,,,,,,,,,,,,,,
2009-2010,,,,,,,,,,,,,,
2014-2015,,,,,,,,,,,,,,
2011-2012,,,,,,,,,,,,,,
2013-2014,,,,,,,,,,,,,,
2008-2009,,,,,,,,,,,,,,
2010-2011,,,,,,,,,,,,,,
2016-2017,,,,,,,,,,,,,,
2015-2016,,,,,,,,,,,,,,
2021-2022,,,,,,,,,,,,,,
2020-2021,,,,,,,,,,,,,,
2018-2019,,,,,,,,,,,,,,
